Code Zone,Zone,Arrondissement
CC-AN3,"La Corniche : de Hôtel le Littoral à Anfa Place, Rce Anfa",Anfa
CC-AN11,Zone délimité par Bd Kennedy et Bd Driss Slaoui ex Temara : de Quartier Dawliz à Quartier Val d'Anfa,Anfa
CC-AN12,"Quartier Racine Extension, Hay Lopez",Anfa
CC-AN8,"Quartier Racine Ouest délimité par Bd Ain Taoujtate, Bd Zerktouni, Bd Anfa, Bd Mly Rachid, Rue Abou Ali Ben Rahal et Rue Bab Al Irfane",Anfa
CC-AN9,"El Hank Nord délimité par Av. Tantan (ZI), Quartier Forces Auxiliaires",Anfa
CC-MA30,Rue Ali Abderrazak,Maârif
CC-MA31,Rce Yasmina,Maârif
CC-AN16,Bd Mohamed Zerktouni (de Bd Ain Taoujtate à Bd 2 Mars),Anfa
CC-AN7,"Quartier Bourgogne Ouest, Hay Tassahoul Sud",Anfa
CC-MA29,"Triangle délimité par Bd Bir Anzarane, Bd Abdelkrim Al Khattabi - Bd Anfa et Rue Normandie : Quartier Racine Sud",Maârif
CC-MA23,"Hippodrome : Triangle délimité par Bd Ibn Sina, Bd Abdelkrim Al Khattabi et Bd Ghandi",Maârif
CC-AN14,Ain Diab,Anfa
CC-AN15,"Anfa Place, Mégarama",Anfa
CC-AN4,"Zone délimitée par Av. A - Club de la SODEP (Sud), Rte Jorf Al Asfar (Ouest), Bd de la Grande Corniche (Nord) et Bd Abdelhadi Boutaleb ex Rte d'Azemmour (Est) : Lot Baâlabaq, Quartier Manzah, Lot Salaj, Quartier Hamria, Quartier Zemmouria, Quartier ONE, Quartier Ambar",Anfa
CC-MA32,Bd Mohamed Zerktouni (de Bd Ain Taoujtate à Bd 2 Mars),Maârif
CC-MA3,Bd Al Massira Al Khadra,Maârif
CC-AN5,"Zone délimitée par Rte de Sidi Abderrahman (Sud), Bd de l'Océan Atlantique (Ouest), Bd de la Grande Corniche (Nord) et Rte Jorf Al Asfar - Club de la SODEP - Av. A - Bd Abdelhadi Boutaleb ex Rte d'Azemmour (Est) : Rce Rio, Lot/Rce la Côte, Lot Al Mountazah, Lot Sindibad, Lot Le Boulard, Lot Hamza, Rce Salsabila, Quartier Doha, Rce Sofia, Lot Mçalla, Lot Yasmine, Rce Orée du Parc, Rce Puento Romano",Anfa
CC-AN6,"Zone délimitée par Ayn Al Gaddid (Sud), Océan Atlantique (Ouest), Rte Sidi Abderrahman (Nord) et Bd Abdelhadi Boutaleb ex Rte d'Azemmour (Est) : Morocco Mall, Plage Mme Choual",Anfa
CC-MA27,"Quartier Palmiers délimité par Bd Zerktouni, Bd Abdelmoumen, Rue Soummiya et Bd Roudani",Maârif
CC-SB22,Bd Mohamed Zerktouni (de Bd Ain Taoujtate à Bd 2 Mars),Sidi Belyout
CC-SB17,"Quadruple délimité par Bd Zerktouni (Sud), Bd Anfa (Ouest), Bd Mly Youssef (Nord) et Bd Brahim Roudani (Est) : Quartier Gautier Sud-Est",Sidi Belyout
CC-AN10,El Hank Sud délimité par Av. Tantan (Lot El Manar ZV),Anfa
CC-SB19,"Marina de Casablanca, Grande Mosquée Hassan II",Sidi Belyout
CC-MA12,"Lot Al Madaris (Ecoles), Quartier Bachkou, Quartier Yasmina",Maârif
CC-MA28,"Quartier des Hôpitaux, Quartier des Hôpitaux Extension, Hay Raja, Tantonville Ouest délimité par Av. des Pléiades, Hermitage Ouest",Maârif
CC-MA5,Bd Mly Idriss 1er,Maârif
CC-SB21,"Zone délimitée par Bd Zerktouni (Sud), Bd Brahim Roudani (Ouest), Rue Ali Bnou Abi Talib - Rue Othman Ben Afan (Nord) et Bd Hassan II (Est) : Lycée Chawki et voisinage",Sidi Belyout
CC-MA18,"Oasis Sud délimité par Bd Abderrahim Bouabid, Gare de L'Oasis",Maârif
CC-SB5,Bd Anfa (de Bd Zerktouni à Place Oued El Makhazine),Sidi Belyout
CC-SB7,Bd Mly Youssef (de Bd Brahim Roudani à Bd Ziraoui) y compris Rce Mly Youssef,Sidi Belyout
CC-SB15,"Zone délimitée par Bd Rachidi, Bd Mly Youssef, Rue d'Alger et Av. Mly Hassan 1er",Sidi Belyout
CC-MA14,"Zone délimitée par Rue El Bachir Laâlej (Sud), Bd Brahim Roudani (Ouest), Bd Bir Anzarane (Nord), Av. Stendhal (Est) : Val Fleuri",Maârif
CC-MA26,Quartier Maârif,Maârif
CC-MA25,Derb/Quartier Ghalef,Maârif
CC-SB20,"Quadruple délimité par, Bd Zerktouni (Sud), Bd Mohammed Ben Abdellah (Ouest), Bd Mly Youssef (Nord) et Bd Ziraoui (Est) : Bourgogne Nord, Hay Tassahoul Nord, Lycée Lyautey",Sidi Belyout
CC-MA9,"Quartier Racine Est délimité par Rue Quadi Iyass, Bd Zerktouni, Bd Anfa et Rue Normandie",Maârif
CC-AN1,Bd Ain Taoujtate,Anfa
CC-MA21,"Maârif Extension Est délimité par Bd Bir Anzarane, Rue Kaid Al Achtar, Rue Socrate et Bd Yacoub El Mansour",Maârif
CC-MA24,"Quartier la Famille Française, Cité Plateau, Cité Mehdia, Rce Andaloussia",Maârif
CC-MA13,"Rce Al Mawlid, Bab Californie (Porte Californie)",Maârif
CC-MA15,"Batha, Rivièra Ouest délimité par Bd Ghandi",Maârif
CC-MA20,Quartier Berger,Maârif
CN-RN1,Av. Pasteur,Roches Noires
CN-RN2,Bd Ambassadeur Ben Aicha,Roches Noires
CC-SB1,Av. des FAR,Sidi Belyout
CC-SB16,"Quadruple délimité par Bd Rachidi-Bd Mly Youssef (Sud), Bd Ziraoui (Ouest), Bd de Paris-Bd Bordeaux (Nord) et Av. Mly Hassan 1er (Est) : Lusitania Sud, Quartier Gautier Nord, Lycée Ibn Toumert",Sidi Belyout
CC-MA22,"Lot Mimousa, Maârif Extension Ouest-Sud délimité par Bd Bir Anzarane, Bd Ibn Sina, Bd Ghandi, Bd Yacoub El Mansour, Rue Socrate et Rue Kaid Al Achtar, Arset Lakbir et voisinage, Les Princesses, Rce les Perles",Maârif
CC-MA17,"France Ville Est délimité par Bd Ghandi, Oasis Nord délimité par Bd Abderrahim Bouabid",Maârif
CC-SB2,Av. Hassan II,Sidi Belyout
CC-AN2,Bd de la Corniche (de Bd Zerktouni à Av. Tantan),Anfa
CC-SB23,Bd Mohamed Ben Abdellah/Sidi Mohamed Ben Abdellah (de Bd Zerktouni à Bd Mly Youssef),Sidi Belyout
CC-MA7,Rte El Jadida de Bd Ghandi à l'Autoroute A3 (Casa-Rabat),Maârif
CC-MA1,Av. 2 Mars (de Bd Zerktouni à Bd Anoual),Maârif
CC-MA2,Bd Abdelmoumen,Maârif
CC-SB8,Bd Rachidi,Sidi Belyout
CC-SB12,"Quartier Parc Ligue Arabe, La Moricière, Rue Ferhat Hachad jusqu'à intersection Bd Lalla Yaqout et Rue Mustapha El Maâni, Place Mohammed V",Sidi Belyout
CC-SB11,"Lusitania Centre côté Place Maréshal, Place des Nations Unies, Sidi Belyout, Place Zallaga, Bourse de Casablanca, Place Istiqlal ex Mirabeau",Sidi Belyout
CC-SB3,Av. Pasteur,Sidi Belyout
CC-SB4,Bd Ambassadeur Ben Aicha,Sidi Belyout
CC-SB18,"Quadruple délimité par Bd Zerktouni (Sud), Bd Ziraoui (Ouest), Bd Mly Youssef (Nord) et Bd Anfa (Est) : Quartier Gautier Ouest",Sidi Belyout
CC-AN13,Anfa Supérieur,Anfa
CC-MA16,"Rivièra Est délimité par Bd Ghandi, Oasis Ouest délimité par Bd Abderrahim Bouabid",Maârif
CC-MA19,"France Ville Ouest délimité par Rue Laârbi Doghmi, Rue Ibn El Kotaiba, Rue Abdelkrim Raisse, Bd Anoual, Bd Abdelmoumen et Bd Ghandi",Maârif
CC-MA11,"Hermitage Est, Quartier Haj Abdellah, Tantonville Est délimité par Av. des Pléiades",Maârif
CC-SB10,"Alsace Lorraine, Ben Jdia, Liberté, Derb Omar, Mers Sultan (côté Arrondissement Sidi Belyout), Foncière, Place Bandoens, Place 16 Novembre",Sidi Belyout
CC-SB13,"TSF, Foire Internationale de Casablanca, Hôpital Mly Youssef, Verdin, Derb des Anglais, Place Oued Al Makhazin",Sidi Belyout
CN-RN3,Bd Mohammed V,Roches Noires
CC-MS2,Rue de Madrid,Mers Sultan
CC-SB14,"Ancienne Médina, Sour Jdid (Marine Royale), Quartier Cuba, Derb Tazi",Sidi Belyout
CC-MS3,Rue de Rome,Mers Sultan
CC-MA4,Bd Ghandi,Maârif
CS-HH34,Rce Ghandi,Hay Hassani
CS-AC25,"Lot Lamçalla, Hay Mly Abdellah, Hay Al Inara 2, Mosquée Tawhid, Dar Al Qadi Ben Driss, Ecole Al Wahda",Ain Chock
CS-AC19,"Quadruple délimité par Bd Taddart (Sud), Bd de Fès (Ouest), Axe voirie AC02 (Nord) et Axe voirie AC03 (Est) : Complexe Kahrama et voisinage",Ain Chock
CC-SB9,Bd Ziraoui (de Bd Zerktouni à Bd Bordeaux),Sidi Belyout
CC-MS1,Av. 2 Mars (de Bd Zerktouni à Bd Anoual),Mers Sultan
CS-HH26,"El Oulfa Sud délimitée par Bd Malouiya, Hay El Alia, Hay El Azhari, Lot Mly Thami (R+2), Rce Dakhla (Economique, R+3), Lot Smara, Lot Sidi Abderrahman, Rond Point Chahdia, Lycée Collégial Ibn Annadim, Villas RAM",Hay Hassani
CC-SB6,Bd Mohammed V,Sidi Belyout
CS-HH9,"Triangle délimité par Terrains de certains Clubs Sportifs (COC, …), Rte El Jadida et Bd Al Abtal : Quartier/Cité Laya, Quartier/Lot Guynemer",Hay Hassani
CS-HH8,"Triangle délimité par Bd Omar Al Khiam, Rte El Jadida et Av. des Sports : Quartier Ferme Bretone",Hay Hassani
CS-HH7,"Zone délimitée par Bd Sidi Abderrahman, Bd Yacoub El Mansour, Bd Ghandi et Bd Omar Al Khiam : Hay Erraha",Hay Hassani
CN-RN6,"Hay Palestine (Belvédère Est délimité par Bd Emile Zola), Hay La Gare, Quartier Bahmad",Roches Noires
CN-RN5,Belvédère Ouest délimité par Bd Emile Zola,Roches Noires
CS-AC1,Av. Tah (de Bd Med VI à Av. 2 Mars),Ain Chock
CS-AC18,"Quadruple délimité par Bd Taddart (Sud), Axe voirie AC03 (Ouest), Axe Voirie AC02 (Nord) et Bd Al Qods (Est) à l'exception du GH Nour : Lot Oulad Taleb, Coopérative Echaraf, Mosquée Mokhtar Soussi, Rce Jardins de Majorelle",Ain Chock
CS-AC20,"Hay Achchabab (Chabab), Hay Yasmina",Ain Chock
CS-HH25,"Quadruple délimité par Bd Moulouya (Sud), Bd Oued Oum Rabia (Ouest), Rte du Complexe Administratif (Nord) et Av. Mohamed Taieb Naciri-Rte du Complexe Administratif (Est) : Lot Ferdaous, Lot Wiam, Lot Hassania, El Oulfa Nord délimitée par Bd Moulouya, Hôpital Cheikh Khalifa Bin Zayd Al Nahyan, Lycée Tarik Bnou Ziyad",Hay Hassani
CS-AC10,"Lot Zineb, Lot Keltoum, Lot Al Hanane, Rce Marjana, Rce Oasis Square (R+3), Technopark, UNCAM",Ain Chock
CS-HH2,Bd Yacoub El Mansour,Hay Hassani
CN-RN7,"Belvédère Sud délimité par Rue Ifni, Bd Ibn Tachfine et Rte des Ouled Ziane, Lot Mazzella",Roches Noires
CC-AF7,Hay Riad El Ali,Al Fida
CS-AC17,"Quadruple délimité par Axe Voirie AC05 (Sud), Bd El Qods (Ouest), Av. Dakhla (Nord) et Axe Voirie AC15 (Est) y compris le GH Safa Tranche 1 : Hay Chrifa, Lot El Omaria, Lot Mouna, Diyar Al Jadida, Souk Namoudaji Inara",Ain Chock
CS-AC34,"Lot Soufiane, Lot Amine, Lot Lina, Lot Bouchra, Hay Najah, Lot Dandoune, Lot Kawtar, Lot Rokia, Lot Al Othmaniya, Lot El Kheir, Lot Leila, Lot Saâda, Lot Charaf, Lot Mabrouka, Lot Jnanat",Ain Chock
CN-RN4,Hay Roches Noires,Roches Noires
CS-HH4,"Zone délimitée par Bd Ghandi, Bd Abdelkrim Al Khattabi, Bd Sidi Abderrahman, Rue de Sijilmassa, Rue de Mdaghra, Rue de Walili, Rue de Bab Al Mansour, Rue de l'Oudaya, Rue de Hassan, et Bd Ibnou Sina : Longchamps, Lot Saad, Lot OCP, Lot Chama",Hay Hassani
CN-RN10,"Quadruple délimité par Rue Ifni (Ouest), Bd Ibn Tachfine (Nord), Rue Sergent Med Moussaoui (Est) et Rte des Ouled Ziane (Sud) : Rce Les Jardins de Belvédère, GH Al Majd, Quartier Douane",Roches Noires
CN-RN8,"Triangle délimité par la voie de Chemin de Fer, Rue des Oudaya et Bd Ibn Tachfine : Centrale Laitière et voisinage, Rce Mawada, Rce Al Abrar, Hay Chadia, Rce Venise",Roches Noires
CS-AC24,"Lot Al Massarra, Hay Inara 3, Hay El Ousra, Hay Yasmina 5, Hay El Fadl, Lot Salima, Lot Ghita, Lot Karim, Lot Blad Marbouha, Lot Lalla Khadija, Lot Al Idaâ, Lot Al Idaâ 2, Lot Al Moustakbal, Hay El Fath",Ain Chock
CS-AC9,"Quadruple délimité par Bd Taddart (Sud), Bd Panoramique (Ouest), Av. Oulad Haddou (Nord) et Bd de Fès (Est) : Lot Hifdia, Lot Nezha, Lot Madania, Lot Cage, Lot Miyamar, Lot Al Manara, Lot Kenza, Lot Siham, Lot Salwa (Seloua)",Ain Chock
CC-AF4,Hay El Masjid,Al Fida
CS-AC21,"Quadruple délimité par Av. de Dakhla (Sud), Bd de Fès (Ouest), Av. 2 Mars (Nord) et Espace vert - Equipement projeté (Est) : Lot Haddaouia 2, Lot Touzaniya , Lot Naima",Ain Chock
CS-AC26,"Lot Assalam, Lot Othmane",Ain Chock
CN-RN13,"Hay Hakam, Hay Laâyoune, Douar Oulad Harres, Hay Minou, Hay Adil, Hay Al Massira, Hay Dakhla, Hay Lamyaâ, Quartier les Cimétières, Hay Azzeddine, Hay Mourad",Roches Noires
CC-MS5,Quartier La Gironde Ouest délimité par la Voie de Chemin de Fer,Mers Sultan
CS-AC14,"Quadruple délimité par Bd Taddart (Sud), Bd El Qods (Ouest), Axe Voirie AC05 (Nord) et Axe Voirie AC15 (Est) exception faite du GH Safa Tranche 1 : Lot Mandarona (Mandarouna), Jnane Californie, Les Ecoles Riad, Lycée Abdelkrim Khettabi",Ain Chock
CC-MS8,"Quartier Mers Sultan, Quartier 2 Mars",Mers Sultan
CN-RN12,"Hay Jamal, Lot Ghizlane",Roches Noires
CS-HH30,"Lot Zaytoune, GH Essalam, Lot Ibn Khaldoun 2",Hay Hassani
CN-RN11,Hay Tissir 2 (Tissir 1 relève de l'Arrondissement Al Fida),Roches Noires
CS-HH16,Lot Saâd El Kheir (El Khair),Hay Hassani
CS-HH1,Bd Ghandi exception faite de Rce Ghandi,Hay Hassani
CC-MS12,Quartier El Miter 2 (El Miter Sud délimité par Bd 2 Mars),Mers Sultan
CN-RN9,"Quadruple délimité par Rue Sergent Med Moussaoui, Bd Ibn Tachfine, Les Cimétières et Rte des Ouled Ziane : Ain Borja, Cité Oualed Ziane, Lot Laâyoune, Rce Yassine (angle Rte des Ouled Ziane et Bd Hassan Alaoui), Hay Amine, Hay Souarat, Hay Arsalane, Rce Assalam, Rce Smail, Rce Amane, Rce Salam (FAR), Quartier les Camps",Roches Noires
CS-AC27,"Lot Ibn Khaldoune, Lot Mandarouna 1",Ain Chock
CS-HH27,"Lot Lissasfa 1, 2 et 3, Lot Tahla, Lissasfa Oulya, QI Lissasfa, Kasbat Amine (Social), Grand Moulin Lissasfa",Hay Hassani
CC-MS10,"Hay Essorour, Quartier Al Alami",Mers Sultan
CS-AC16,"Hay Inara 1, Lot Dhar, Lot Arrachidiya, Lot Mehdia, Lot Imane, Cité Oued Al Makhazine",Ain Chock
CC-AF9,"Derb Tarablouse, Quartier Grigouane, Derb Laqriaâ/Korea Est délimité par la Rue 5",Al Fida
CS-AC31,"Lot Hamza, Lot Al Moustakbal, Lot Hafid El Kheir, Lot Al Mansour, Rce Al Mawlid, Rce Al Madina, Rce Nakhil",Ain Chock
CC-AF5,"Hay Al Woroud, Hay El Andalous 2, Mosquée Essonna",Al Fida
CC-MS9,"Quartier Habous, Hay Dakhla, Quartier Mechouar",Mers Sultan
CS-HH24,"Zone délimitée par Bd Ibnou Sina, Bd Oued Oum Rabia, Av. C, Bd Oued Oum Rabia, Bd Oued Draâ et Bd Oued Abou Regreg : Hay Saâda (Mazola), Lot Missimi, Hay El Ward, Lot Al Badii, Rce Kasba, Rce Ibnou Sina, Marjane Hay Hassani, Lycée Abdelaziz El Fachtali",Hay Hassani
CS-HH5,"Zone délimitée par Bd Sidi Abderrahman, Rue d'Ifrane, Rue de l'Atlas, Bd Ibnou Sina, Rue de Hassan, Rue de Tamsna, Rue Ain Chifa et Rue de Jabal Al Aâroui : CIL, Lot Messaoudia, Hay Essalam Ouest délimité par les Rues Atlas et Ifrane",Hay Hassani
CS-HH6,"Zone délimitée par Bd Sidi Abderrahman, Rue d'Ifrane, Rue de l'Atlas, Bd Ghandi et Bd Yacoub El Mansour : Hay Essalam Est délimité par les Rues Atlas et Ifrane, Quartier/Rce Al Mansour, Quartier/Rce des Bases, Cité des Jeunes",Hay Hassani
CC-AF3,"Hay Bine Lamdoune 1, Hay El Andalous 1, Hay Sidi Maârouf 3, 4, 5 et 6",Al Fida
CC-AF2,Marché Korea/Souk Laqriaâ,Al Fida
CS-HH29,"Quadruple délimité par Axe Voirie HE11 (Sud), Axe Voirie HE13 (Ouest), Axe Voirie CP01 (Prolongement Bd Moulouya) (Nord) et Axe Voirie HE09 (Prolongement Bd Laymoune) (Est) : Rce Annaim (Economique, R+3), Blad Chama, Lot Haj Fateh (R+3), Marché Haj Fateh, Lot Habiba, Lot Khouzama, Lot Assafa (Economique R+3), Lot Yassine, Lot Zainab (Zineb - Economique R+2 et R+3), Lot Opération Lissasfa, Lot Zoubir (Zoubeir), Marché Zoubir, Lot Yousra, Lot Al Bouchra, Lot Arreda",Hay Hassani
CS-AC6,"Hay Rmila, Lot Bine Lamdoune, Quartier Ain Chok, Hay Al Andalous 3",Ain Chock
CC-AF8,"Derb Fouqara, Hay Lalla Yaqout, Place Sidi Maârouf, Derb Laqriaâ/Korea Ouest délimité par la Rue 5, Place Sraghna, Derb Chorfa Tolba, Derb Mesfioui,",Al Fida
CS-AC8,"Quadruple délimité par Av. Ouled Haddou (Sud), Bd Panoramique (Ouest), Av. 2 Mars (Nord) et Bd Fès (Est) : Lot Haddaouia 1, Lot Samlalia, Rce Les Crêtes, Al Haddaouia 3",Ain Chock
CS-HH13,"Zone délimitée par Bd Abdelhadi Boutaleb, Rue 45 Nejma, Bd Afghanistan, Rue Ibn Al Haytham, Bd Ibnou Sina et Bd Sidi Abderrahman : Hay El Horia, Hay El Hassani, Derb El Amal, City Hay El Hassani Nord délimité par Rue 45, Derb Al Widad, Hay Raja",Hay Hassani
CS-HH14,"Quadruple délimité par Rue Mly Bouchaib Radad (Sud), Bd Abdelhadi Boutaleb (Ouest), Rue 45 Nejma (Nord) et Rue Sidi Al Khadir (Est) : Derb Jamila, City Hay El Hassani Sud délimité par Rue 45, Hay Chadia, DIP Casa Sud - DIP ACHH (Directions des Impôts)",Hay Hassani
CS-AC23,"Quadruple délimité par Av. de Dakhla (Sud), Espace vert - Equipement projeté (Ouest), Av. 2 Mars (Nord) et Bd El Qods (Est) : Lot Fikri, Lot Hind, Lot Oulahiane, Acima, Rce Addamane Nord",Ain Chock
CS-AC12,"Quadruple délimité par Bd de Mequa (Sud), Autoroute (Ouest), Bd Taddart (Nord) et Bd de Fès (Est) : Lot Tazi, Quartier Badr, Quartier Vermont, Lot Sanhaji, Hay Mly Driss, Lot Taddart, Lot Limouna, Lot Yasmine, Clinique California",Ain Chock
CS-AC7,"Quadruple délimité par Av. Nador (Sud), Autoroute A3 (Ouest), Av. 2 Mars (Nord) et Bd Panoramique (Est) : Hay Al Andalous 4, 5 et 6",Ain Chock
CS-AC22,"Lot Nakhla, Lot Ibn Rochd, Rce Addamane Sud, Lot Zakariya, Rce Al Amal, Lot Violettes, Derb Al Farrane",Ain Chock
CS-AC28,"Lot El Fath, Lot Housna, Lot La Coline Sidi Maârouf, Lot Al Afaq Sidi Maârouf, Lot Mandarouna 2, Lot Salama, Lot Florida, Lot ERAC, Lot Zohor, Lot Drissia, Grande surface Atakadao",Ain Chock
CC-MS6,"Derb Bouchentouf, Derb Lbaladiya, Hay Smara, Quartier Boujdour, Kissariyet Lhaffari, Quartier Laâyoune, Derb Espagne",Mers Sultan
CS-HH32,"Lot Laymoune 1 et 2, Lot El Mahdi (Mehdi), Lot Al Bourtoukal, Rce Al Khouzama, Douar Oulad Abbou",Hay Hassani
CS-HH15,"Quartier El Baraka, Hay Sidi Al Khadir, Cité Walili, Cité de Police, Bloc Sidi Al Khadir, ISTA Hay Hassani, Cimetière Sidi Al Khadir, Souk Dallas",Hay Hassani
CS-HH17,"Lot Sikillia, Lot Yaksour, Rce Khalid, Lot Ilhar, Lot Nour (Annour), Rce Nakhil, Mosquée Khadija, Mosquée Attawba, Lot Hassani 1 et 2, Rue 64 (Limite entre CS63 et CS66)",Hay Hassani
CS-HH33,"Zone délimitée par Rte Sidi Al Khadir, Bd Oued Sebou, Bd Oued Oum Rabia et Bd Oued Draâ",Hay Hassani
CS-HH28,"Mohammed Al Fatih Schools (Groupe scolaire), Rce Prestige El Oulfa, Lot Kanza, Lycée Ibn Rochd, Rce Les Jardins Al Miaraj, La Limite entre CS74 et CS73 est constituée par Rue 2, Axe Voirie HE37 et Rte El Jadida",Hay Hassani
CS-HH19,"Lot Mastona, BIM Stores",Hay Hassani
CS-AC32,"Lot Al Moustakbal (Habitat économique), Voisinage de CasaNearshore, ISCAE",Ain Chock
CC-MS4,"Quartier La Gironde Est délimité par la Voie de Chemin de Fer, Garage Allal, Derb El Kabir",Mers Sultan
CS-AC5,"Derb Al Khir, Maison de Bienfaisance d'Ain Chock",Ain Chock
CS-HH23,"Zone délimitée par Av. C (Ouest) , Bd Oued Oum Rabia (Nord-Est) et Zone d'Habitat Dense E4 (Sud) : Hay El Houbous, Lot Oum Rabii, Cité de l'Union, Carrefour Market",Hay Hassani
CS-AC11,"Quartier Roseraie, Quartier Belle Vue",Ain Chock
CS-HH12,"Zone délimitée par Pénétrante d'Azbane, Axe Voirie HN25, Axe Voirie HN03, Axe Voirie HN13, Axe Voirie HN30 et Rocade Sud-Ouest : Lot Islane (Nassim 2)",Hay Hassani
CS-HH20,"Zone délimitée par Rue 64, Axe Voirie HE05, ZV de type D3s, Axe Voirie HE01 (Rte Errahma), Bd Oued Oum Rabia, Bd Oued Sebou Rte Sidi Al Khadir : Quartier El Wifak, Rce Riad El Oulfa, QI Wifak, Rue 64 (Limite entre CS63 et CS66), Cimetière Sidi Ahmed + Hay Es-Safaâ (George)",Hay Hassani
CS-AC2,"Quartier PAM, Quartier Taibi",Ain Chock
CS-HH11,"Triangle délimité par Pénétrante d'Azbane, Bd Al Qods et Voie Chemin de Fer : Quartier/Lot Nassim",Hay Hassani
CN-SB14,Bd Allait Ibn Assaâd,Sidi Bernoussi
CS-HH22,"Zone délimitée par Rocade Sud-Ouest (Sud), Axe Voire HE01-Rte Errahma (Ouest), Axe Voirie HE35- Rte Haj Fateh-Axe Voirie HE11 (Nord) et Axe voirie HE09 (Est) : Rce El Yasmine (Social R+4), Lot El Yasmine (ZV), Rce Al Hamd (Projet fermé sécurisé), Rce Al Farah Dar Essalam, Ecole Yasmine, Lycée Essalam, Ecole Toria Chawi",Hay Hassani
CN-AS12,"Rce Al Assil (Economique), Hay Smara (R+4), Hay Saida",Ain Sebaâ
CC-AF1,Marché de bois et sanitaire,Al Fida
CN-AS11,"Rce Lhadika, Lot Hlioua (R+3), Rce Anouar (R+4), Rce Ali (R+4)",Ain Sebaâ
CN-AS10,"Siège de la Préfecture des Arrondissements de Ain Sebaâ Hay Mohammadi et voisinage, Rce Doha 1, Rce Al Hamd",Ain Sebaâ
CN-AS9,"Lot Al Fadl (Economique), Douar Moumnia, Rce Al Badr (Economique), Rce Al Amane (Economique), Rce Al Wifaq (Economique), Lot Beaucite (ZV)",Ain Sebaâ
CN-AS7,"Rce Bayt El Fath, Lot Kamaliya (ZV), Rce Al Manar",Ain Sebaâ
CN-AS5,"Douar Ouasti, Gare Ain Sebaâ, Rce Zouhour, Rce Daris, Rce Chabab, Cité Oudaya, Rce Al Mabrouk, Rce Al Yacout",Ain Sebaâ
CN-AS1,"Dar Salama (Dyour Chaâbi), Hay Dar Lamane, Carrières Centrales",Ain Sebaâ
CE-SB6,"Jamila 7, Salmia 1, Douar Sidi Ahmed Belhcen, OFPPT-ISTAE-IE de Sbata, OFPPT-ISTAE-IE, Lycée El Kindi",Sbata
CN-AS4,"Quadruple délimité par la voie de Chemin de Fer (Sud), Rte de Rabat - Allée des Parcs (Ouest), Av. de Tizi Ousli (Nord) et Allée des Mimosas (Est), Club Cosumar",Ain Sebaâ
CN-AS3,"Zone délimité par Bd Mohamed Mekki (Sud), la Côte (Ouest), Allée des Mélias - des Mimosas (Nord) et Av. Tizi Ousli - Allée des Sanges (Est) : Saloma (Hay Nzaha), Marché (Place Tizi Ousli), Rce Mekouar, Rce Fal El Hanaâ, Rce Pompiers, Hay Timsit, Cité OCP, Quartier Beau Lieu, Hay CIL, Rce la Source, Rce Mimosa, Hay Castor, Lot El Mahi, Hay Hafida, 2M et voisinage",Ain Sebaâ
CN-AS6,"Rce Atlantic, Rce Chefchaouini, Espérance 1 et 2, Lot Karam, Lot Chefchaouni, Complexe commercial dite Texas Rte Zenata",Ain Sebaâ
CN-SB8,"Zone délimitée par Lycée Othman Ibnou Affance - Bd El Qods (Sud), Bd Imam Malik (Ouest), Bd Allait Ibn Assaâd (Nord) et Autoroute A3 (Est) : Rce Baghdad, Rce Majorelle",Sidi Bernoussi
CN-SB6,"Mansour 1, 2 et 3, Mansour Extention, Bloc Farid",Sidi Bernoussi
CE-BM2,"Quartier Ifriquia, Dar Touzani, Hay Hakam",Ben M'Sick
CE-SB5,"Hay Laâlou, Hay El Houda, Lycée Oued Ad Dahab, Ecole Driss Lahrizi, Lycée Khalid Ibn Al Walid",Sbata
CN-HM8,"Derb El Amal, Derb Wafa, Derb Attakadoum Nord, Cité Zerktouni (Jonquier), Projet Hassan 2, Lycée Lfarabi, Hay Al Madrassa (en face Karyane Central)",Hay Mohammadi
CC-AF6,"Hay EL Farah, Hay Omar Ibn El Khattab (Ex Derb Milan), Hay Tissir 1, Hay Ain Chifa, Hay Drissia, Hay Al Amal 1, 2 et 3, Derb Mimouna",Al Fida
CE-SO3,"Derb Al Baladia, Sidi Othmane (Blocs), Derb Mokhtar Soussi, Hay Mabrouka, Hôpital Ben Msik, Café Al Haouzia, Lycée Al Mokhtar Soussi, ENSAM Casablanca, Tribunal de Commerce",Sidi Othman
CE-SB4,"Quadruple délimité par Bd Med VI (Sud), Bd Dakhla (Ouest), Rue 80 (Nord) et Bd Oued Ed Dahab (Est) : Jamila 5, Mosquée Jamila 5",Sbata
CN-SB13,"Lot Bernoussi 2, Lot Tarik Al Khair",Sidi Bernoussi
CE-BM1,"Arrondissement Ben M'Sick délimité par Bd Med VI (Sud), Autoroute A3 (Ouest), Bd Al Joulane (Nord) et Bd Commandant Driss Al Harti (Est) : Hay Jawadi, Hay Ksar Labhar, Hay Jamila 1 et 2, Hay Messoudia, Derb Mly Bouchaib, Derb Koudia, Artisanat, Derb Laâdam, Derb Douam, Derb Salama, Derb Khlifa, Hassania 1, 2 et 3, Laârbi El Bannay, Quartier Belhassan El Ouazzani (Kalogera), Derb Friha, Hay Othmania, Cité Djemaâ (Blocs), Hay Mansour et Itissal 1, 2 et 3.",Ben M'Sick
CN-SB12,"Hay Saâda, Hay Moubaraka",Sidi Bernoussi
CE-SB3,"Hay Jamila 3, Derb Douam, Derb Lahjar, Jamila 4, Jamila 6, Derb Khalid, Ecole du 11 Janvier",Sbata
CE-MR9,"Lot Lbaraka (Hay Al Baraka), Rce Lhouda (Al Houda - Economique)",Mly Rachid
CN-HM4,"Rce Mouahidine, Antaria 2, Lycée Hommane Lfatouaki et voisinage",Hay Mohammadi
CN-SB11,"Zone délimitée par Bd Abdelkrim El Khattabi - Bd Mokhtar Ben Ahmed El Guerraoui - Bd Mbarek Ben Boubker Hammadi (Sud), Rte de Rabat N1 - Bd Ibn Hazm (Ouest), Bd Othman Ibn Affane - Bd Abou Abbas Sebti - Rue 19 - Bd El Qods (Nord) et Bd El Qods (Est) : Lot El Qods",Sidi Bernoussi
CN-SB9,"Zone délimitée par Bd Abou Abbas Sebti - Rue 19 (Sud), Bd Imam Chafii (Ouest), Bd Allait Ibn Assaâd (Nord) et Bd El Qods (Est) : Rce TAC, Rce CHECAS, Rce El Fajr, Rce RAM, Rce El Wiam, Rce Carnaud",Sidi Bernoussi
CN-HM3,"Triangle délimité par Bd la Grande Ceinture, l'Autoroute et Bd Oqba Bnou Nafii : Antaria 1, Hay Moustakbal, Lot Nadia, Lot Taiba, Lot Tafraouat, Lot Essawab, Lot Marie Claire, Rce Aziza, Rce Ennasr, Rce Farah, Lot Al Faouarate",Hay Mohammadi
CN-SB5,"Lot CFIM (Derb Maâguize), Lot Bloc A et B, Bloc Slaoui, Hay Al Wifak, Hay Takadoum, Sidi Bernoussi, Stade de Rachad Lbernoussi",Sidi Bernoussi
CN-SB4,"Zone délimitée par Bd Allait Ibn Assaâd - Bd Imam Malik - Bd El qods (Sud), Rte de Rabat N1 (Ouest), Territoire de la Préfecture de Mohammedia (Nord), Autoroute A3 (Est) à l'exception de Rce El Fadila (R+4) : Lot El Hamidia, Rce Lmçalla, Rce Mostapha El Maâni, Lot El Bahia, Lot El Menzah, Rce Attadamone, Rce El Wifak, Rce Travaux Publics, Groupe Zénata, Lot Ennour, Rce El Mansouria, Rce El Fath, Rce El Boustane 1, Rce Bab El Baidaâ, Rce/Lot Annakhil, Rce/Lot El Khalil, Groupe El Baidaâ",Sidi Bernoussi
CN-SB10,"Zone délimitée par Bd Othman Ibn Affane - Collège Tarfa Ibn El Aâbd (Sud), Rte de Rabat N1 (Ouest), Bd Allait Ibn Assaâd (Nord) et Bd Imam Chafii - Bd Abou Abbas Sebti (Est) : Hay El Qods Groupes A, B et C",Sidi Bernoussi
CN-HM5,"Bloc CIFM, Derb Koudia, Bloc Saâda, Derb Attakadoum Sud",Hay Mohammadi
CN-HM6,Bloc ONCF,Hay Mohammadi
CN-HM7,"Bloc Saida, Bloc Bennani, Derb Kastor",Hay Mohammadi
CN-SB7,"Hay Tarik, Lot Amal 1, 2, 3 et 4, Hay Katafa",Sidi Bernoussi
CN-HM2,"Cité ONCF (Cité des Cheminots), Hay Mountigui",Hay Mohammadi
CN-HM9,"Derb Saâd, Hay Socica (Hay Al Morabitine), Derb My Cherif, Bloc Riad, Hay Bechar El Khair, Hay Massira",Hay Mohammadi
CN-HM1,"La Villette : Rce Fatima Ezzahra, Khalil 1, 2 et 3, Lot Cosmos 1, 2, 3 et 4",Hay Mohammadi
CN-SB3,"Zone délimitée par Bd El Binaâ (Sud), Voie de Chemin de Fer (Ouest), Territoire de la Préfecture de Mohammedia (Nord) et Rte de Rabat N1 (Est) : Rce El Boustane 2 (R+4), GH Riad El Bernoussi 2 (R+4, Front Bati R+5), Douar Boulahiya, Rce Feddan El Kheir (R+4), Protection Civile, Rce Attakadom (R+4), Lot Zine Salam (R+3) + Rce El Fadila (R+4) relevant géographiquement de la Zone CN-SB4",Sidi Bernoussi
CE-MR1,"Cité Nouvelle (El Madina El Jadida), Lot El Manzah, Quartier Jaouhara, Douar Ouled Ghanem Lahraouiyine Casablanca",Mly Rachid
CN-SB1,"Lot Farid, Lot Marhaba, Lot Latifa, Lot Dalila 1 et 2, Lot Karam, Lot Chefchaouni, Lot Oama, Lot Lhamd (Al Hamd), Rce Annakhil, Centre de Formation des Cadres ONEE",Sidi Bernoussi
CN-SM7,"Hay Al Walaâ (Quartier Attacharouk), GH Walili, Lot Talibi, Lot Talbi, Lot Safa, Lot Tissir Tacharouk",Sidi Moumen
CE-SO4,"Quadruple délimité par Bd du Nil (Sud), Autoroute A3 (Ouest), Av. Colonnel Driss El Allam (Nord) et Av. des Forces Auxilaires (Est) : Dyar Salam, Rce Nakhla, Caserne des Forces Auxiliaires",Sidi Othman
CE-SO1,"Quadruple délimité par Bd Al Joulane (Sud), Rue Abdellah El Mediouni (Ouest), Av. Dix (10) Mars (Nord) et Axe Voirie SO10 (Est) : Hay Ennour, Marché de Gros de Fruits et Légumes, Cimetière Sidi Othman, Abattoir, Marché de Gros aux Poissons, Omni Sport Club Ben M'Sick Sidi Othman, Marché de la Ferraille Auto, Jardin Alesco, Jardin de la Préfecture de Ben M'Sik, Av. Mohamed Bouziane",Sidi Othman
CS-HH31,GH Kasbat Amine,Hay Hassani
CE-SB2,Salmia 2,Sbata
CE-SO2,"Cité Nouvelle (El Madina El Jadida), Lot El Manzah, Quartier Jaouhara, Douar Ouled Ghanem Lahraouiyine Casablanca",Sidi Othman
CN-SM6,"Lot Jaouhara (Jawhara), Rce Jaouhara (Jawhara)",Sidi Moumen
CE-SO5,"Quadruple délimité par Av. Dix Mars - 10 Mars 1982 (Sud), Av. Mohamed Bouziane (Ouest), Av. Colonnel Driss El Allam (Nord) et Av. Abdelkader Sahraoui (Est) : Hay Salama 3, Hay Lalla Meriem, Av. Commandant El Khattabi",Sidi Othman
CN-SM10,"Hay Sidi Moumen Jdid, Hay Karia, Hay Kapissine, Chimicolor et voisinage",Sidi Moumen
CE-SO6,"Hay Salama I, Groupe Scolaire Gauss, Ecole Abou Alae",Sidi Othman
CN-SM8,"Lot Rahmani, Lot Baraka, Lot Madinat Nour, Lot Saâda, Rce Diar Al Hanaâ, Rce Nakhil, Rce Alaâ, Carrière Thomas",Sidi Moumen
CN-SM9,"Hay Sidi Moumen Lakdim, Hay Rekbout, Hay Douma, Lot Lhouda, Lot Tiznit, Lot Lhouria, Lot Tiznit, Lot Nasr Yamna, Hay Mly Smail, Lot Abir",Sidi Moumen
CN-SM5,"Lot Warda, Lot Al Kawtar, Lot Sarazan, Lot Sabah, Lot Dalia, Lot Karam, Lot Doha 2, Lot Al Hamd 2, Lot Al Amane 2, Lot Otour, Rce Al Yakine, Carrière Zaraba, Lycée Khadija Oum Lbanine",Sidi Moumen
CN-SM1,"Hay Anassi, Ard Sefrioui, Hay Assalam 1 et 2, Rce Achourouk, Projet Salam Ahl Loghlam (Hay Assalam), Dyour Marrakech, ONEP et voisinage, Rce Al Amal, Rce Marwa, Rce Rebah, Lot Lbaydae, Rce Fath, Rce Hajar, Rce Chaimaâ, Rce Samip, Programme Al Baraka Rte National 107 vers Ain Harrouda, Lot Annaim, Lot Naim, Usine Maghreb Steel",Sidi Moumen
CN-SM2,"Hay Al Azhar, Lot Panorama, Rce Al Fajr, Rce Al Amana, Rce Madinati, Rce Sakani 1 et 2, Rce Louard, Rce Al Badr, Rce Jnane Bernoussi, Lot Madinati",Sidi Moumen
CN-SM4,"Lot El Hadika, Rce Riad Al Bernoussi, Hay Ennahda",Sidi Moumen
